"title","location/lat","location/lng","phone","website"
"Rose's Caring Home","35.0630623","-106.6413612","(505) 243-6036",
"Paula Sanchez Residential Care","35.0440374","-106.7187341","(505) 831-5938",
"Blaine Brown","35.1000694","-106.630437","(505) 243-2257",
"The Villa at Old Adobe Trail","35.1323082","-106.7008424","(505) 710-0900",
"Justice Homecare","35.1293571","-106.7154814","(505) 463-4375",
"NestBeyond of Southeast Albuquerque","35.0824099","-106.6764794","(505) 309-3879","https://nestbeyond.com/locations/new-mexico/albuquerque/southeast-albuquerque"
"Oasis of the Living Treasure","35.1283669","-106.5239354","(505) 275-4789",
"BeeHive Homes of Four Hills","35.065301","-106.4963412","(505) 591-7024","https://beehivehomes.com/locations/four-hills/"
"Care Free Living","35.1260398","-106.5165651","(505) 299-8000","http://www.carefreelivingnm.com/"
"American San Pablo","35.094352","-106.563632","(505) 730-7656","http://www.americansanpablo.com/"
"La Vida Llena Life Plan Retirement Community","35.132922","-106.521214","(505) 293-4001","https://www.lavidallena.com/"
"Seniorcare Llc","35.2065553","-106.6939803","(505) 898-9320",
"NestBeyond","35.1049787","-106.576699","(866) 622-4206","https://nestbeyond.com/locations/new-mexico/albuquerque/nestbeyond"
"Haven Care","35.1009909","-106.5701927","(505) 272-2275","https://www.havencarenm.com/"
"Haven Care Assisted Living-Aspen House","35.1448468","-106.5341726","(505) 275-2275","http://www.havencarenm.com/"
"The Montebello on Academy","35.1527361","-106.5223292","(505) 294-9944","https://www.fivestarseniorliving.com/communities/nm/albuquerque/the-montebello-on-academy/?utm_source=local&utm_medium=organic"
"A Love For Life","35.1314418","-106.5677201","(505) 884-3912","http://aloveforlifellc.com/contact-us/"
"Casa Angelina East","35.0887216","-106.5641856",,
"NestBeyond of Uptown Albuquerque","35.1005361","-106.5710479","(866) 622-4206","https://nestbeyond.com/locations/new-mexico/albuquerque/uptown-albuquerque"
"Bellamah House & Inez Place","35.0945377","-106.5179101","(505) 294-5344",
"NestBeyond of Downtown Albuquerque","35.084728","-106.6440976","(505) 372-6001","https://nestbeyond.com/locations/new-mexico/albuquerque/downtown-albuquerque/"
"Be Sam","35.0855245","-106.6574538","(505) 400-9372",
"A Love For Life","35.1457682","-106.5610181","(505) 350-2563","http://aloveforlifellc.com/"
"Hutchison Assisted Living Services","35.1364921","-106.5729533","(505) 888-4405",
"Ridgeview Assisted Care","35.1483793","-106.5378537","(505) 639-4935",
"Singing Arrow Manor","35.062132","-106.5029199","(505) 450-5336",
"Morada Quintessence","35.1601718","-106.5251889","(505) 932-7142","https://www.moradaseniorliving.com/morada-quintessence-albuquerque-nm/"
"Avista Senior Living Albuquerque","35.1261133","-106.514082","(505) 291-0113","https://avistaseniorliving.com/albuquerque/?utm_source=gmb&utm_medium=organic&utm_content=gmb-website"
"Hilldale Residential Care Home","35.0739505","-106.4867196","(505) 294-7998",
"Angel Wings Assisted Llving Home Care","35.1194841","-106.6590276","(505) 610-1009",
"Robin House","35.0997198","-106.535373","(505) 884-3830",
"Phoenix Care LLC","35.1774526","-106.6884424","(505) 346-3113","https://phoenix.gov/phxcares"
"Brio Assisted Living","35.0943","-106.50141","(505) 508-3701",
"Brookdale Tramway Ridge","35.1372869","-106.4988135","(505) 271-9600","https://www.brookdale.com/en/communities/brookdale-tramway-ridge.html?cid=yext"
"Meadows Senior Care","35.1486312","-106.5452242","(505) 822-8937",
"Carefirst Assisted Living","35.1394076","-106.544904","(505) 856-5058","http://www.carefirstnm.com/"
"Casa Del Norte","35.1177395","-106.5216672","(505) 884-3830",
"Sandia View Assisted Living","35.1439519","-106.5000915","(505) 681-3716","http://sandiaviewassistedliving.org/"
"Casa Subina LLC","35.1585474","-106.7173369","(505) 850-8052","http://casasubina.com/"
"A Better Way","35.129835","-106.522993","(505) 293-3219",
"Touched By A White Dove","35.093201","-106.580077","(505) 232-0882",
"Amaran Senior Living","35.1754208","-106.5385953","(505) 445-1339","https://www.amaranseniorliving.com/?utm_source=GBP&utm_medium=organic"
"St Catherine Healthcare LLC","35.1398539","-106.5176423","(505) 292-3333",
"Haven Care Assisted Living-Cottonwood","35.1404351","-106.5563655","(505) 275-2275","http://www.havencarenm.com/"
"Hannett House","35.09803","-106.589691","(505) 265-3253","http://www.hannetthouse.com/"
"Everest Assisted Living","35.1459972","-106.5614708","(505) 821-9547","http://www.everestassistedliving.com/"
"Willow Wood Assisted Living","35.0607941","-106.5263421","(505) 296-3604","http://carefirstnm.com/"
"Mariposa Senior Care","35.156492","-106.6027087","(505) 234-1744",
"Prime Care Living","35.122888","-106.567318","(505) 856-5838",
"Grace Adult Care Homes Inc","35.1345331","-106.5670701","(505) 363-8499","http://graceadultcarehomes.com/"
"Aspen Care","35.1195171","-106.5717428","(505) 889-3040",
"Casa Palo Duro","35.1235878","-106.5563741","(505) 298-5210",
"Albuquerque Grand Senior Living","35.0838426","-106.6285182","(505) 842-1972","http://www.albuquerquegrand.com/"
"Kushland","35.172919","-106.6084395",,
"Sandia Senior Suites, LLC","35.0802448","-106.5865273","(505) 792-8686",
"Casa Valencia Assisted Living","35.0698668","-106.5811322","(505) 361-1867","http://www.casavalencianm.com/"
"Haven Care -6 Albuquerque Locations","35.1232403","-106.6060038","(505) 275-2275","http://www.havencarenm.com/"
"MorningStar Memory Care at North Ridge","35.1732359","-106.5551956","(505) 384-7991","https://www.morningstarseniorliving.com/communities/memory-care-albuquerque-north-ridge/"
"Agarre El Dia","35.0707529","-106.6535815","(505) 385-6113",
"Albuquerque Uptown Assisted Living","35.1022987","-106.5609893","(505) 916-5065",
"The Watermark at Cherry Hills","35.1631855","-106.5694725","(505) 445-9200","https://www.watermarkcommunities.com/our-communities/new-mexico/albuquerque/the-watermark-at-cherry-hills/?utm_source=gmb&utm_medium=organic&utm_campaign=general&utm_content=ach-primary-website-link"
"Comfort Keepers Greater Albuquerque","35.1812765","-106.6724788","(505) 232-7070","https://www.comfortkeepers.com/offices/new-mexico/albuquerque?utm_source=GMB&utm_medium=organic"
"Casa De Palomas, Inc.","35.0832313","-106.5824323","(505) 255-9081",
"Homes with a Heart Assisted Living - Solano House","35.096229","-106.60209",,
"The Woodmark at Uptown","35.1051836","-106.5649667","(505) 814-0021","https://www.seniorlifestyle.com/property/new-mexico/the-woodmark-at-uptown/?utm_source=GMB&utm_medium=organic&utm_campaign=337&utm_content=woodmark-uptown"
"BeeHive Homes of Albuquerque NM - Assisted Living Facility","35.1811796","-106.5773288","(505) 591-7024","https://beehivehomes.com/locations/albuquerque/"
"BeeHive Homes of New Mexico","35.1359136","-106.5907277","(505) 591-7024","https://beehivehomes.com/locations/albuquerque"
"Haven Care","35.1232403","-106.6060038","(505) 275-2275","http://www.havencarenm.com/"
"Garland House Ltd","35.1030581","-106.7222989","(505) 836-0782","http://thegarlandhome.net/"
"Preferred Assisted Living","35.1185536","-106.6966545","(505) 839-1014",
"Tres Hermanas","35.1491028","-106.5786197",,
"Wellesley Care Home","35.1189092","-106.6072576","(505) 889-8007",
"retreat at oxbow","35.132214","-106.6993265","(505) 270-0801",
"Tender Heart Assisted Living","35.1297153","-106.606492","(505) 884-1341","http://www.apalinc.com/"
"Good Samaritan Society - Manzano del Sol Village","35.0860018","-106.58742","(505) 262-2311","http://www.good-sam.com/locations/manzano-del-sol-village?yxt_info=gss-location-GSS-5630&y_source=1_MTQyNTAyMDAtNzE1LWxvY2F0aW9uLndlYnNpdGU%3D"
"Morada Albuquerque","35.0996796","-106.6252699","(505) 242-3370","https://www.moradaseniorliving.com/morada-albuquerque-nm/"
"Life Spire Assisted Living Albuquerque","35.1813487","-106.6722231","(505) 831-6250","http://www.lifespireassistedliving.com/"
"MorningStar Assisted Living & Memory Care of Albuquerque","35.1732411","-106.5561332","(505) 557-2408","http://www.morningstarseniorliving.com/communities/morningstar-of-albq/"
"Bear Canyon Rehabilitation Center","35.1398024","-106.5176806","(505) 292-3333","http://www.genesishcc.com/bearcanyon"
"The Village at Alameda","35.1872509","-106.6013691","(505) 857-7000","https://colonialoaks.com/locations/village-at-alameda"
"Haven Care Assisted Living-Evergreen House","35.2061344","-106.6802266","(505) 275-2275","http://www.havencarenm.com/"
"Sandia Ridge Center","35.108088","-106.5466916","(505) 296-4808","http://www.genesishcc.com/sandiaridge"
"Canyon Transitional Rehabilitation Center","35.1327655","-106.5284445","(505) 298-1231","http://www.genesishcc.com/canyon"
"BeeHive Homes of Albuquerque NM - Assisted Living Facility","35.1803752","-106.5773194","(505) 591-7024","https://beehivehomes.com/locations/albuquerque/"
"Spanish Trails Rehabilitation Suites","35.1367375","-106.6070729","(505) 600-4800","http://www.spanishtrailsrehabilitation.com/?utm_source=GMB&utm_medium=Yext&y_source=1_NDc5MzU0ODQtNzE1LWxvY2F0aW9uLndlYnNpdGU%3D"
"Genesis Healthcare Uptown","35.0939668","-106.5575595","(505) 296-5565","http://www.genesishcc.com/uptown"
"Assisted Living | Mountain View Manor Albuquerque New Mexico","35.2106427","-106.6783621","(505) 897-7789","https://www.mountainviewmanorassistedliving.com/about-us"
"Brookdale Valencia","35.0748607","-106.5800646","(505) 260-8100","https://www.brookdale.com/en/communities/brookdale-valencia.html?cid=yext"
"Princeton Place","35.0840213","-106.5681908","(505) 255-1717",
"Sandia View Assisted Living","35.1365807","-106.6988402","(505) 605-7030","http://www.sandiaviewassistedliving.org/"
"Bee Hive Homes of Volcano Cliffs","35.15234","-106.711522","(505) 710-1223","https://beehivehomes.com/"
"Westwind House Assisted Living","35.090418","-106.714416","(505) 831-0002","http://www.westwindhouse.com/"
"Uptown Rehabilitation Center","35.0938107","-106.5577552","(505) 296-5565","http://www.genesishcc.com/uptown"
"West Ridge Village","35.1185536","-106.6966545","(505) 884-3830",
"Palmilla Senior Living","35.2043313","-106.679286","(505) 867-5022","https://spectrumretirement.com/palmilla-senior-living-nm-Albuquerque/?utm_source=google&utm_medium=organic&utm_campaign=local-listings&utm_content=Palmilla"
"Little Rose's Home Care of the SW","35.093642","-106.6951006","(505) 836-4623","http://www.littleroseshome.org/"
"Haven Care","35.2083088","-106.6858961","(505) 275-2275","https://www.havencarenm.com/"
"Las Palomas Center","35.1720789","-106.5547823","(505) 821-4200","http://www.genesishcc.com/LasPalomas"
"BeeHive Homes of Taylor Ranch","35.1531972","-106.712076","(505) 710-1223","https://beehivehomes.com/locations/taylor-ranch/"
"Silver Wings Assisted Living","35.2101041","-106.7215256","(505) 922-8993","http://www.silverwingsassistedliving.com/"
"Odelia Healthcare","35.1000694","-106.630437","(505) 243-2257","http://odeliahealthcare.com/"
"Fiesta Park Wellness and Rehabilitation","35.1884534","-106.6014222","(505) 998-1551","http://fiestaparkrehab.com/"
"Fountain Hill Assisted Living","35.1839739","-106.6780567","(505) 582-2906","https://svfountainhill.com/"
"The Rehabilitation Center of Albuquerque","35.1558075","-106.58454","(505) 822-6000","http://www.genesishcc.com/rehabcenteralbuquerque"
"Albuquerque Heights Healthcare and Rehabilitation Center","35.1330582","-106.5902356","(505) 348-8300","http://www.genesishcc.com/albuquerqueheights"
"Advanced Health Care of Albuquerque","35.1118399","-106.6112557","(505) 967-4200","http://www.ahcfacilities.com/"
"BeeHive Homes of Albuquerque West","35.1531968","-106.7120255","(505) 234-1200","https://beehivehomes.com/locations/albuquerque-west/"
"Cuesta Manor","35.1518287","-106.714795","(505) 899-0829",
"Skies Healthcare and Rehabilitation Center","35.2098404","-106.6895103","(505) 898-7986","http://www.genesishcc.com/skies"
"Ladera Center","35.1130675","-106.7060682","(505) 836-0023","http://www.genesishcc.com/Ladera"
"Ravenna Assisted Living","35.11712","-106.7268222","(505) 831-4141","http://www.ravennanm.com/"
"Casa Angelina assisted living","35.1943981","-106.6704363","(505) 720-4966",
"Celia Jones","35.1900558","-106.6662826","(505) 727-3170","https://lovelace.com/doctors/celia-jones-fnp-c"
"Assisted Living","35.0857933","-106.6270347",,
"Think Back Physical Therapy","35.1102104","-106.5540313","(505) 883-7518","https://www.thinkbackpt.com/"
"Life Spire Assisted Living","35.1856503","-106.5617659","(505) 295-3008","http://www.lifespireassistedliving.com/"
"Outreach Care Home","35.1327442","-106.5339919","(252) 227-9146",
"Highpointe Solutions","35.1310157","-106.5188716","(505) 291-8000",
"Elite Senior Care LLC","35.1277012","-106.5057147","(505) 379-2369","https://eliteseniorcarellc.com/"
"Quilted Care","35.1428294","-106.552372","(505) 797-8735","http://www.quiltedcare.com/"
"NestBeyond of Albuquerque - Academy","35.1523238","-106.5850177","(505) 421-6516","https://nestbeyond.com/locations/new-mexico/albuquerque/nestbeyond/"
"Stellar Senior Housing Experts","35.1514564","-106.6172571","(505) 504-8884","https://stellarseniorhousingexperts.com/"
"Life Arena Coaching","35.1283756","-106.5199412","(505) 459-3597",
"Casa Mis Abuelos, Llc","35.1363725","-106.4951",,
"Caregivers of Albuquerque","35.0962275","-106.6020999","(505) 221-6562",
"Presbyterian Healthcare at Home in Albuquerque","35.0927853","-106.5555665","(505) 588-5708","https://www.phs.org/doctors-services/services-centers/healthcare-at-home/Pages/constitution.aspx?utm_source=gmb&utm_medium=organic&utm_campaign=listing&utm_content=_loc_abq_constitution_healthathome"
"Holiday Bear Canyon Estates","35.132985","-106.5235636","(505) 300-2608","https://holidayseniorliving.com/retirement-communities/holiday-bear-canyon-estates-albuquerque-nm/?y_source=1_MjA2NDY2OS03MTUtbG9jYXRpb24ud2Vic2l0ZQ%3D%3D"
"Golden Years, LLC","35.120368","-106.510955",,
"NestBeyond of Central Albuquerque","35.0824099","-106.6764794","(505) 560-9422",
"Enchanted Living of New Mexico","35.1439519","-106.5000915","(505) 867-6164","http://www.enchantedlivingnm.com/"
"Home Care Assistance of Albuquerque","35.1417163","-106.5168384","(505) 798-0800","https://www.homecareassistanceofalbuquerque.com/"
"New Mexico Health Care Association","35.1298443","-106.59134","(505) 880-1088","http://www.nmhca.org/"
"Nmrea AFC 1 LLC","35.1057544","-106.5683288","(505) 880-7040",
"Elite Senior Care LLC","35.1058124","-106.4951685","(505) 298-1341",
"Care Givers of Alb","35.1188961","-106.5636353","(505) 881-3764",
"Assisted Living Services Org","35.1161392","-106.517748","(505) 296-7559",
"Senior Care LLC","35.1025014","-106.5019995","(505) 361-1338",
"La Cueva Senior Living","35.0808134","-106.4903455","(505) 796-2285","http://lacuevaseniorliving.com/"
"Wilson Family Care","35.0969","-106.508117","(505) 343-0743",
"Las Colinas","35.0754158","-106.5129437","(505) 349-4926",
"Senior Care Arvilla","35.1171625","-106.539069","(505) 294-6858",
"Hofmantown Alzheimer's Care","35.1143783","-106.5504012","(505) 271-5000",
"Casa De Palomas-Assisted Living","35.1228419","-106.5203001","(505) 255-9081",
"Emmaus Community/Emmaus House","35.089983","-106.5684893","(505) 234-1224",
"Muros De Salvacion","35.1283931","-106.5239252",,
"Casa de Palomas","35.1420715","-106.5565431","(505) 255-9081",
"Buena Vista Senior Care","35.180678","-106.5730152","(505) 797-4875","http://buenavistaseniorcare.com/"
"Starlight House","35.1435198","-106.5418074","(505) 270-0941","http://starlighthouseongalaxia.com/"
"Sandia Vista Senior Living","35.0736921","-106.5135103","(505) 291-0600","https://www.stellarliving.com/communities/sandia-vista-senior-living/"
"Camino Retirement Apartments","35.086999","-106.512917","(505) 298-9976","http://www.caminoretirement.com/"
"Georgia House Group Home For People With Mental Disabilities","35.0606747","-106.5723238","(505) 268-3751",
"Case San Pablo Services Transfer","35.0647727","-106.5922739","(505) 508-1392",
"Patriot Assisted Care","35.1803012","-106.576504",,
"Marler Manor","35.1265641","-106.544812","(505) 837-2273","https://marlermanor.co/"
"Paloma Landing Gracious Retirement Living","35.1732556","-106.5538622","(505) 243-1979","https://seniorlivinginstyle.com/paloma-landing/"
"A New Day","35.0681525","-106.5216504",,
"FootPrints Home Care","35.1401741","-106.5524105","(505) 828-3918","http://www.footprintshomecare.com/"
"Assisted Living Services","35.1706908","-106.5203386","(505) 362-8977",
"Albuquerque ER & Hospital","35.1831834","-106.6649613","(505) 431-1900","https://abqhospital.com/?utm_source=google&utm_medium=search&utm_campaign=business"
"Longterm Care Ombudsman","35.0883843","-106.6591118","(866) 451-2901","https://nmaging.state.nm.us/protecting-adults/ombudsman/long-term-care-ombudsman"
"Alma Home Healthcare Services","35.0525725","-106.7259814","(505) 261-2868",
"Shadow Mountain Recovery Intensive Outpatient Center","35.1075876","-106.5651531","(505) 207-9929","https://www.shadowmountainrecovery.com/albuquerque/?utm_campaign=gmb"
"Kindred Hospital Albuquerque","35.0886778","-106.6376696","(505) 242-4444","https://www.kindredhealthcare.com/locations/transitional-care-hospitals/kindred-hospital-albuquerque"
"Senior.One","35.0836561","-106.6546904","(888) 888-2191","http://www.senior.one/"
"InnovAge New Mexico PACE - Albuquerque","35.0885702","-106.6343885","(505) 916-1932","https://www.innovage.com/locations/nm-albuquerque?utm_source=google%20my%20business&utm_medium=organic&utm_campaign=abqnm"
"Always Best Care Albuquerque","35.2015796","-106.6464188","(505) 898-6262","https://www.alwaysbestcare.com/nm/albuquerque/"
"Lovelace UNM Rehabilitation Hospital","35.0877893","-106.6382356","(505) 727-4725","https://lovelace.com/location/lovelace-rehabilitation-hospital"
"Turquoise Lodge Hospital","35.057986","-106.5813804","(505) 841-8978","http://nmhealth.org/about/ofm/ltcf/tlh/"
"AMG Specialty Hospital - Albuquerque","35.057986","-106.5813804","(505) 842-5550","https://amgihm.com/albuquerque"
"At Home Healthcare","35.1457681","-106.5580636","(505) 880-0400","https://lhcgroup.com/locations/at-home-healthcare-albuquerque/"
"Hospice De La Luz","35.1578129","-106.6021995","(505) 217-2490","http://hospicedelaluz.com/"
"Robert Wertheim Hospice House","35.1565135","-106.5834377",,"https://www.phs.org/about-us/news/Pages/hospice-house-now-open-to-serve-patients-and-families.aspx"
"Odyssey Health Care","35.1437335","-106.5515222","(505) 884-8857",
"Dr Nancy Guinn, MD | Internal Medicine | Presbyterian Primary Care","35.0932565","-106.5531804","(505) 559-6058","https://www.phs.org/doctors-services/services-centers/primary-care/internal-medicine/Pages/default.aspx?utm_source=gmb&utm_medium=organic&utm_campaign=listing&utm_content=prov_pcpintmed_guinn_1740299379"
"Compassus Home Health","35.169632","-106.5881946","(505) 391-5815","https://compassus.com/home-health-albuquerque/?utm_source=google?utm_medium=gbp"
"Inteli-Care LLC","35.1094849","-106.7296078","(505) 898-9745","http://www.inteli-care.com/"
"Alliance Home Healthcare & Hospice Llc.","35.1512414","-106.593453",,
"Q Hospice","35.1463988","-106.5571378","(505) 636-0888","https://qhospice.com/"
"Ardent Home Health of New Mexico","35.1244418","-106.5506589","(505) 717-1324","http://www.ardenthhnm.com/"
"Zia Home Care","35.1359134","-106.590309",,
"Visiting Angels","35.1171445","-106.6071937","(505) 821-7500","https://www.visitingangels.com/albuquerque/home/?utm_source=gmb&utm_medium=organic&utm_campaign=local"
"Presbyterian Kaseman Hospital","35.0930393","-106.5532351","(505) 291-2000","https://kaseman-hospital.phs.org/Pages/default.aspx?utm_source=gmb&utm_medium=organic&utm_campaign=listing&utm_content=_loc_abq_pkh_hospital__l001"
"Aid Home Health Care Services LLC","35.1120067","-106.577793","(505) 883-0900",
"Klarus Home Care","35.1466683","-106.5666698","(505) 717-1624","http://www.klarushomecare.com/"
"St. Anthony's Home Health Care","35.1081799","-106.5479938","(505) 888-9618",
"Home Instead","35.1512947","-106.6177139","(505) 884-0353","https://www.homeinstead.com/location/144?utm_source=google&utm_medium=organic&utm_campaign=gmb"
"Night N Gail Home Care Services","35.1083608","-106.5588613","(505) 974-1988",
"Amada Senior Care","35.116827","-106.569254","(505) 521-2100",
"Visiting Angels","35.0981226","-106.5822759","(505) 821-7500","http://www.visitingangels.com/albuquerque/home/?utm_source=gmb&utm_medium=organic&utm_campaign=local"
"Enhabit Home Health","35.1856583","-106.5925917","(505) 563-4005","https://www.ehab.com/?utm_source=gmb&utm_medium=yext"
"Crosby Hall LLC","35.1067554","-106.5989621","(505) 507-8782","http://www.crosbyhallinc.com/"
"Presbyterian: Dr Gurpreet Aujla, MD","35.0927853","-106.5555665","(505) 559-1122","https://www.phs.org/doctors-services/services-centers/healthcare-at-home/Pages/default.aspx?utm_source=gmb&utm_medium=organic&utm_campaign=listing&utm_content=prov_hah_aujla_1609309681"
"For Your Care In-Home Care","35.1086601","-106.5412133","(505) 798-0978","https://foryourcare.com/"
"Interim HealthCare of Albuquerque NM","35.0948829","-106.5873606","(505) 910-4725","https://www.interimhealthcare.com/AlbuquerqueNM?utm_source=GMB&amp;utm_medium=Local&amp;utm_content=DirectoryLink&amp;utm_campaign=AlbuquerqueNM"
"St Joseph Home Health","35.0848894","-106.6468148","(505) 727-4663",
"New Mexico Association For Home and Hospice Care","35.0880954","-106.6528481","(505) 565-5777","http://www.nmahc.org/"
"Retreat At Home","35.1577117","-106.6021831","(505) 938-4652","http://retreathomecare.com/"
"Hospice San Dias Albuquerque","35.1590867","-106.5760855","(505) 881-1403",
"Armada Home Health Care","35.1826508","-106.5832252","(505) 821-1200","http://armadanm.com/"
"Mariposa Program","35.0534937","-106.6213406","(505) 272-6700",
"State Serve Medical","35.1531539","-106.6024965","(877) 633-7250","http://www.stateserv.com/"
"BAYADA Assistive Care","35.1030904","-106.5787967","(505) 883-4800",
"Ambercare","35.1538391","-106.6058858","(505) 792-8230","https://ambercare.com/?y_source=1_MTI1NTkwNjQtNzE1LWxvY2F0aW9uLndlYnNpdGU%3D"
"Nevaeh Hospice","35.1762016","-106.5684432","(505) 293-5858","http://nevaehhospice.com/"
"Zia Hospice","35.135915","-106.5901514","(505) 830-2978",
"Advanced Home Health and Hospice","35.1485306","-106.6398376","(505) 967-4274","https://www.ahcfacilities.com/rehabilitation-facilities/albuquerque/"
"Hospice of the Sandias LLC","35.1330218","-106.5899388","(505) 881-5342",
"Harmony Home Health & Hospice","35.1523238","-106.5850177","(505) 828-2273","https://www.harmonyhomehealth.com/?utm_source=GMBlisting&utm_medium=organic"
"Luna Del Valle Hospice","35.131938","-106.5969798","(505) 365-0321","https://ldvhospice.com/"
"Armada Hospice","35.1826508","-106.5832252","(505) 821-1200","https://www.armadahospice.com/"
"Gentiva Hospice","35.1653061","-106.5920852","(505) 821-5404","https://www.gentivahs.com/"
"ProMedica Hospice Serving Albuquerque and Surrounding Areas","35.1027128","-106.600295","(505) 323-1464","https://www.promedicahospice.org/Albuquerque"
"Corus Health - Home Health, Hospice, Palliative Care & Personal Care","35.1847499","-106.6063946","(505) 828-0232","http://www.corushealth.com/"
"High Desert Hospice","35.1826538","-106.5780584","(505) 585-2603","https://highdeserthospice.care/"
"Hospice of New Mexico","35.1150281","-106.5686652","(505) 872-2300","http://www.hospiceofnewmexico.com/"
"Compassus","35.169632","-106.5881946","(505) 391-5643","https://www.compassus.com/locations/new-mexico/albuquerque/?utm_source=google?utm_medium=gbp"
"hope for Gardner home care and hospice","35.1563685","-106.6084412","(505) 414-8570",
"Luna Vista Home Health and Hospice","35.1091412","-106.7290956","(505) 560-1128","http://lunavistahhc.com/"
"Alliance Home Health Care","35.1540124","-106.6060686","(505) 884-4080","https://www.alliancehhcare.com/"
"Encompass Health Rehabilitation Hospital of Albuquerque","35.1600679","-106.5923607","(505) 344-9478","https://encompasshealth.com/albuquerquerehab"
"CenterWell Home Health","35.1669198","-106.5943153","(505) 345-3754","https://www.centerwellhomehealth.com/"
"Children's Home Healthcare Albuquerque","35.1298443","-106.59134","(505) 881-0054","http://www.childrenshha.com/"
"Armada Healthcare","35.1624847","-106.5928121","(505) 821-1200",
"Thrive Skilled Pediatric Care - Albuquerque, NM","35.1340257","-106.5924375","(505) 883-4100","https://www.thrivespc.com/locations/albuquerque-nm/"
"Wellness Health Services","35.1295293","-106.6037487","(505) 373-2636","https://www.wellnesshealthservices.org/"
"Fiesta Park Healthcare Llc","35.1884168","-106.6015695",,
"Adelante Compadres Senior Center","35.145323","-106.5855119","(505) 883-0215","https://www.goadelante.org/Senior_Services.html"
"Industrial Rehabilitation","35.1590867","-106.5760855","(505) 797-0242",
"United One Home Care Albuquerque NM","35.1154479","-106.6045943","(505) 295-2044","https://unitedonehomecare.com/"
"HomeVault Property Management","35.077738","-106.5974033","(505) 265-1241","https://homevault.com/"
"2 Brothers Landscaping","35.0979296","-106.7385067","(505) 261-2681","https://2brotherslandscapingnm.com/"
"HomeTeam Pest Defense","35.1128054","-106.6275186","(505) 265-1113","https://pestdefense.com/albuquerque/?utm_source=google&utm_medium=googlelisting&utm_campaign=location"
"EverGuard Roofing","35.1213039","-106.6470422","(505) 821-9543","https://everguardroofing.com/"
"DNA Roofing & Construction","35.0587251","-106.7319633","(505) 610-3989","https://dna-roofing-and-construction.business.site/?utm_source=gmb&utm_medium=referral"
"A Honorable Roofing Co, Llc","35.2176146","-106.6938617","(505) 864-6790","http://ahonorableroofing.com/"
"Mold Solutions of Albuquerque","35.084828","-106.651346","(505) 657-3719","http://www.moldremovalalbuquerque.co/"
"WaterQuest, Inc.","35.1324258","-106.638809","(505) 792-3600","http://www.waterquest.com/"
"Albuquerque Over the Top Garage Doors & Repair Service","35.1950752","-106.7348668","(505) 450-9456","https://albuquerqueoverheadgaragedoors.com/"
"ABQ Star Roofing","35.1288155","-106.6428403","(505) 712-1773","http://www.abqstarroofing.com/"
"Rio Grande Homes powered by eXp Realty","35.1242737","-106.715596","(505) 688-0700","https://riograndehomes.net/"
"SERVPRO of Northwest Albuquerque","35.1564064","-106.6023948","(505) 503-8627","https://www.servpronorthwestalbuquerque.com/?utm_medium=yext&utm_source=gmb&y_source=1_MTYxOTU1MTAtNzE1LWxvY2F0aW9uLndlYnNpdGU%3D"
"Steamatic of Albuquerque and Santa Fe","35.1801009","-106.6095341","(505) 883-7766","https://www.steamaticnm.com/"
"Number One Plumbing, A/C, Solar & Electric","35.1163551","-106.6326795","(505) 999-9567","http://number1plumber.com/"
"Dreamstyle Remodeling","35.1370042","-106.611125",,"https://www.dreamstyleremodeling.com/"
"Signature Heating, Cooling & Plumbing","35.1194222","-106.6233539","(505) 898-4822","http://www.airemechanical.com/"
"Hollywood Roofing","35.1932939","-106.6948731","(505) 821-9391","http://hollywoodroofingnm.com/"
"Paramount Roofing","35.115528","-106.644264","(505) 615-0646","http://paramountroofingnm.com/"
"Green Mountain Contractors, Inc.","35.0795298","-106.6111226","(505) 205-9328","http://greenmountaincontractors.com/"
"Custom Construction Solutions LLC","35.1302443","-106.6158219","(505) 302-2832","https://customnm.com/"
"La Barge Landscaping","35.1126145","-106.619831","(505) 345-3000","https://www.labargelandscape.net/"
"LOE Property Management, LLC","35.1523325","-106.712922","(505) 433-3752","http://www.loepropertymanagement.com/"
"4Front Roofing","35.1206306","-106.6099426","(505) 295-0367","https://4frontroofing.com/"
"Gonzales and Sons Roofing, Inc.","35.0789303","-106.6965847","(505) 818-0151","https://gonzalesandsonsroofinginc.com/"
"HOAMCO - Home Owners Association Mangement Company","35.1838853","-106.6796217","(505) 888-4479","http://www.hoamco.com/"
"Deacon Property Services","35.1299863","-106.6025366","(505) 878-0100","http://deaconpropertyservices.com/"
"Elevated Management Group","35.0963168","-106.6716399","(505) 257-6090","https://www.elevatedrentalsnm.com/?utm_source=google&utm_medium=google%20my%20business&utm_campaign=gmb"
"Rent Builder Property Management","35.1458984","-106.566826","(505) 892-4400","http://rentbuilderpropertymanagement.com/"
"Arca","35.0994687","-106.649138",,"https://www.arcaopeningdoors.org/nmbircevent/paint-class/"
"Maddox Management LLC","35.0833999","-106.6414929","(505) 242-0989","http://www.maddoxmgmt.com/"
"ABQ Property Management","35.1154479","-106.6045943","(505) 226-0928","https://propertymanageralbuquerquenm.com/"
"Westway Homes","35.1898863","-106.4971417","(505) 212-7000","https://thewestway.com/"
"Home Care and Home Health Albuquerque LLC","35.1154479","-106.6045943","(502) 547-0700","http://homecareandhomehealth.com/"
"The Cleaning Authority - Albuquerque","35.112802","-106.628679","(505) 273-2875","http://www.thecleaningauthority.com/albuquerque/?utm_source=GMB&utm_medium=organic&utm_campaign=albuquerque"
"Abrazo Homes Main Office","35.1898295","-106.6567891","(505) 388-0265","http://www.abrazohomes.com/"
"Householder Group-Nighbert","35.0941575","-106.5681719","(505) 268-2052",
"David Specter Shalom House","35.1417487","-106.5502903","(505) 823-1433",
"Above & Beyond Inc.","35.0898146","-106.5590584","(505) 268-5304",
"Rockefeller's Cleaning & Restoration Company | Rockefeller's Construction, Inc.","35.0755311","-106.5835277","(505) 268-5585","http://www.rockefellerscleaning.com/"
"D'Aaron's HouseKeeping Co | House Cleaning","35.0948081","-106.5532741","(505) 514-8826","http://daaronshousekeeping.com/"
"SeniorCare LLC","35.1238596","-106.5209772","(505) 361-1338",
"Hakes Brothers at Durango at The Trails","35.1819495","-106.7430162","(505) 439-9700","https://www.hakesbrothers.com/albuquerque/durango"
"Adove Cleaning Services, LLC","35.115544","-106.6429571","(505) 391-4477","https://adovecleaningservices.com/"
"Molly Maid of Greater Albuquerque","35.0933394","-106.6460286","(505) 407-0704","https://www.mollymaid.com/greater-albuquerque/?cid=LSTL_MLY000192&utm_source=gmb&utm_campaign=local&utm_medium=organic"
"Green Sweep","35.094629","-106.651121","(505) 414-7887","https://greensweepnm.com/?utm_campaign=gmb"
"Apple Valley Home Care, LLC.","35.1208426","-106.7022251","(505) 850-6870","http://www.applevalleyhomecare.com/"
"Adobe Village Construction & Remodel, LLC","35.1142676","-106.6500249","(505) 795-1737","http://adobevillageconstruction.com/"
"Quality Home Care","35.1009909","-106.5701927","(505) 830-6939",
"1st Premier Home Care","35.1381912","-106.5963439","(505) 271-2120","http://www.1stpremierhc.com/"
"Davis Personal Care Services","35.0876442","-106.5772788","(505) 256-9587",
"NEXTDOOR HOMECARE LLC","35.1299863","-106.6025366","(505) 226-6946","https://nextdoorhomecare.com/"
"Above All Personal Care Services Inc.","35.0905065","-106.5570329","(505) 298-3115",
"Albuquerque Home Care Services","35.1504174","-106.5721239","(505) 702-8304","http://www.albuquerquehomecareservices.com/index.php"
"A Place At Home - Albuquerque","35.1244571","-106.5506695","(505) 316-5440","http://www.seniorcare-nm.com/"
"Bright Horizons Residential Services","35.1565439","-106.601985","(505) 765-1700",
"Alianza Family Services","35.154018","-106.5994035","(505) 890-8244","https://www.alianzafamilyservices.com/"
"Sandia Green Clean","35.161132","-106.597906","(505) 404-3071","http://sandiagreenclean.com/"
"Connected Construction LLC","35.1767067","-106.559301","(505) 270-9435","https://connectedconstructionnm.com/"
"Poulin Solar Pro","35.1822125","-106.581194","(505) 985-5285","https://poulinsolarpro.com/"
"SLA Development, LLC","35.1623483","-106.5953583","(505) 688-3050","http://www.sladevelopment.com/"
"Western Building Supply Co Inc","35.1750885","-106.5988563","(505) 823-2500","http://www.westernbuildingsupply.com/"
"Duke City Inspections","35.1538981","-106.6019045","(505) 587-3535","http://www.dukecityinspections.com/"
"Trung Duc Doan, Realtor, with Equity New Mexico","35.1879255","-106.6044034","(505) 239-6927","http://www.newmexicotopagents.com/"
"Southwest Maintenance & Janitorial","35.181237","-106.5982","(505) 967-9991","http://www.swrepairs.com/"
"ASAP Sands Outdoor Services","35.1691687","-106.6135473","(505) 293-4014","http://sandsoutdoorservices.com/"
"ServiceMaster Albuquerque Fire & Water Restoration By Rapid Response","35.1822214","-106.6086383","(505) 588-2102","https://www.albuquerqueservicemaster.com/"
"Magni Landscape Contractors, LLC","35.1849395","-106.5763198","(505) 243-9921","https://magnilandscapes.com/"
"SERVPRO of NE Albuquerque","35.1658727","-106.5784871","(505) 828-3567","https://www.servpronealbuquerque.com/?utm_medium=yext&utm_source=gmb&y_source=1_MTYxOTUyNjMtNzE1LWxvY2F0aW9uLndlYnNpdGU%3D"
"TBC General Contracting, LLC","35.1738521","-106.5914225","(505) 444-7663","https://tbcroofing.business.site/?utm_source=gmb&utm_medium=referral"
"STOP Restoration","35.1951952","-106.5822091","(505) 207-5185","https://www.stoprestoration.com/albuquerque/?utm_campaign=gmb"
"Elevation Roofing","35.1691571","-106.5834778","(505) 980-9706","https://www.elevationroofingnm.com/"
"COIT Cleaning and Restoration","35.1690175","-106.6128744","(505) 358-7150","https://www.coit.com/albuquerque/?utm_campaign=gmb"
"National Roofing Company Inc.","35.1583991","-106.6036372","(505) 883-3000","http://www.nationalroofing.com/"
"Poulin Design Center","35.1819249","-106.5811905","(505) 322-2222","https://www.poulindesigncenter.com/"
"Zia Clean - Albuquerque Professional Residential and Commercial Cleaning Service","35.1843678","-106.5797074","(505) 892-5486",
"AAA Restoration & Construction Services","35.1820083","-106.6085662","(505) 490-0493","https://www.aaarestorationnm.com/"
"AQM Property Management","35.1751404","-106.536334","(505) 306-9118","http://www.aqmabq.com/"
"John Mark Custom Homes","35.1841292","-106.5430365","(505) 480-4537","http://johnmarkcustomhomes.com/"
"Stillbrooke Homes","35.1858658","-106.5921543","(505) 858-1800","http://www.stillbrooke.com/"
"Home Modification Solutions, LLC","35.180917","-106.607828","(505) 341-9060","http://www.homemodsw.com/"
"RoofCARE","35.0640736","-106.4855152","(505) 246-6960","https://www.roofcare.us/"
"HeartWell Services LLC","35.1019737","-106.5148637","(505) 582-2729","http://www.heartwellservices.com/"
"El Mirador Home Care","35.0874004","-106.5274506","(505) 271-2280","https://www.elmiradorinc.com/"
"HomeRiver Group Albuquerque Property Management","35.100503","-106.5709634","(505) 604-8291","http://www.rent505.com/"
"The Maids","35.0679879","-106.5026911","(505) 296-3714","https://www.maids.com/38/?utm_source=GMB_listing&utm_medium=organic"
"Mrs. Clean LLC","35.1169579","-106.5309165","(505) 266-5318","https://mrscleanco.com/"
"Four Seasons Cleaning","35.138158","-106.5829615","(505) 254-2180","http://www.fourseasonscleaning.com/"
"Capital Construction & Development","35.0969862","-106.5866982","(505) 595-8083","https://www.capitalnm.com/"
"Maid O' Matic","35.1150797","-106.5161047","(505) 379-3154","https://www.maid-o-matic.com/?y_source=1_NTM4MjA3OS03MTUtbG9jYXRpb24ud2Vic2l0ZQ%3D%3D"
"MaidPro Albuquerque","35.1086091","-106.5377125",,
"Bain Cochran Construction, LLC","35.0687905","-106.5159979","(505) 281-4568","http://www.baincochran.com/"
"Extra Hands","35.136092","-106.5376789","(505) 323-0053",
