title,phone,website,categoryName
Rose's Caring Home,(505) 243-6036,,Assisted living facility
Paula Sanchez Residential Care,(505) 831-5938,,Assisted living facility
Blaine Brown,(505) 243-2257,,Nursing home
The Villa at Old Adobe Trail,(505) 710-0900,,Assisted living facility
Justice Homecare,(505) 463-4375,,Assisted living facility
NestBeyond of Southeast Albuquerque,(505) 309-3879,https://nestbeyond.com/locations/new-mexico/albuquerque/southeast-albuquerque,Assisted living facility
Oasis of the Living Treasure,(505) 275-4789,,Assisted living facility
BeeHive Homes of Four Hills,(505) 591-7024,https://beehivehomes.com/locations/four-hills/,Assisted living facility
Care Free Living,(505) 299-8000,http://www.carefreelivingnm.com/,Assisted living facility
American San Pablo,(505) 730-7656,http://www.americansanpablo.com/,Assisted living facility
La Vida Llena Life Plan Retirement Community,(505) 293-4001,https://www.lavidallena.com/,Retirement community
Seniorcare Llc,(505) 898-9320,,Assisted living facility
NestBeyond,(866) 622-4206,https://nestbeyond.com/locations/new-mexico/albuquerque/nestbeyond,Assisted living facility
Haven Care,(505) 272-2275,https://www.havencarenm.com/,Assisted living facility
Haven Care Assisted Living-Aspen House,(505) 275-2275,http://www.havencarenm.com/,Assisted living facility
The Montebello on Academy,(505) 294-9944,https://www.fivestarseniorliving.com/communities/nm/albuquerque/the-montebello-on-academy/?utm_source=local&utm_medium=organic,Retirement community
A Love For Life,(505) 884-3912,http://aloveforlifellc.com/contact-us/,Assisted living facility
Casa Angelina East,,,Assisted living facility
NestBeyond of Uptown Albuquerque,(866) 622-4206,https://nestbeyond.com/locations/new-mexico/albuquerque/uptown-albuquerque,Assisted living facility
Bellamah House & Inez Place,(505) 294-5344,,Assisted living facility
NestBeyond of Downtown Albuquerque,(505) 372-6001,https://nestbeyond.com/locations/new-mexico/albuquerque/downtown-albuquerque/,Assisted living facility
Be Sam,(505) 400-9372,,Assisted living facility
A Love For Life,(505) 350-2563,http://aloveforlifellc.com/,Assisted living facility
Hutchison Assisted Living Services,(505) 888-4405,,Retirement home
Ridgeview Assisted Care,(505) 639-4935,,Assisted living facility
Singing Arrow Manor,(505) 450-5336,,Assisted living facility
Morada Quintessence,(505) 932-7142,https://www.moradaseniorliving.com/morada-quintessence-albuquerque-nm/,Retirement community
Avista Senior Living Albuquerque,(505) 291-0113,https://avistaseniorliving.com/albuquerque/?utm_source=gmb&utm_medium=organic&utm_content=gmb-website,Assisted living facility
Hilldale Residential Care Home,(505) 294-7998,,Assisted living facility
Angel Wings Assisted Llving Home Care,(505) 610-1009,,Assisted living facility
Robin House,(505) 884-3830,,Assisted living facility
Phoenix Care LLC,(505) 346-3113,https://phoenix.gov/phxcares,Assisted living facility
Brio Assisted Living,(505) 508-3701,,Assisted living facility
Brookdale Tramway Ridge,(505) 271-9600,https://www.brookdale.com/en/communities/brookdale-tramway-ridge.html?cid=yext,Assisted living facility
Meadows Senior Care,(505) 822-8937,,Assisted living facility
Carefirst Assisted Living,(505) 856-5058,http://www.carefirstnm.com/,Assisted living facility
Casa Del Norte,(505) 884-3830,,Assisted living facility
Sandia View Assisted Living,(505) 681-3716,http://sandiaviewassistedliving.org/,Assisted living facility
Casa Subina LLC,(505) 850-8052,http://casasubina.com/,Assisted living facility
A Better Way,(505) 293-3219,,Nursing home
Touched By A White Dove,(505) 232-0882,,Assisted living facility
Amaran Senior Living,(505) 445-1339,https://www.amaranseniorliving.com/?utm_source=GBP&utm_medium=organic,Retirement community
St Catherine Healthcare LLC,(505) 292-3333,,Nursing home
Haven Care Assisted Living-Cottonwood,(505) 275-2275,http://www.havencarenm.com/,Assisted living facility
Hannett House,(505) 265-3253,http://www.hannetthouse.com/,Assisted living facility
Everest Assisted Living,(505) 821-9547,http://www.everestassistedliving.com/,Assisted living facility
Willow Wood Assisted Living,(505) 296-3604,http://carefirstnm.com/,Assisted living facility
Mariposa Senior Care,(505) 234-1744,,Assisted living facility
Prime Care Living,(505) 856-5838,,Assisted living facility
Grace Adult Care Homes Inc,(505) 363-8499,http://graceadultcarehomes.com/,Assisted living facility
Aspen Care,(505) 889-3040,,Assisted living facility
Casa Palo Duro,(505) 298-5210,,Assisted living facility
Albuquerque Grand Senior Living,(505) 842-1972,http://www.albuquerquegrand.com/,Assisted living facility
Kushland,,,Assisted living facility
"Sandia Senior Suites, LLC",(505) 792-8686,,Assisted living facility
Casa Valencia Assisted Living,(505) 361-1867,http://www.casavalencianm.com/,Assisted living facility
Haven Care -6 Albuquerque Locations,(505) 275-2275,http://www.havencarenm.com/,Assisted living facility
MorningStar Memory Care at North Ridge,(505) 384-7991,https://www.morningstarseniorliving.com/communities/memory-care-albuquerque-north-ridge/,Assisted living facility
Agarre El Dia,(505) 385-6113,,Assisted living facility
Albuquerque Uptown Assisted Living,(505) 916-5065,,Assisted living facility
The Watermark at Cherry Hills,(505) 445-9200,https://www.watermarkcommunities.com/our-communities/new-mexico/albuquerque/the-watermark-at-cherry-hills/?utm_source=gmb&utm_medium=organic&utm_campaign=general&utm_content=ach-primary-website-link,Retirement home
Comfort Keepers Greater Albuquerque,(505) 232-7070,https://www.comfortkeepers.com/offices/new-mexico/albuquerque?utm_source=GMB&utm_medium=organic,Senior citizen center
"Casa De Palomas, Inc.",(505) 255-9081,,Nursing home
Homes with a Heart Assisted Living - Solano House,,,Assisted living facility
The Woodmark at Uptown,(505) 814-0021,https://www.seniorlifestyle.com/property/new-mexico/the-woodmark-at-uptown/?utm_source=GMB&utm_medium=organic&utm_campaign=337&utm_content=woodmark-uptown,Assisted living facility
BeeHive Homes of Albuquerque NM - Assisted Living Facility,(505) 591-7024,https://beehivehomes.com/locations/albuquerque/,Assisted living facility
BeeHive Homes of New Mexico,(505) 591-7024,https://beehivehomes.com/locations/albuquerque,Assisted living facility
Haven Care,(505) 275-2275,http://www.havencarenm.com/,Assisted living facility
Garland House Ltd,(505) 836-0782,http://thegarlandhome.net/,Assisted living facility
Preferred Assisted Living,(505) 839-1014,,Senior citizen center
Tres Hermanas,,,Nursing home
Wellesley Care Home,(505) 889-8007,,Assisted living facility
retreat at oxbow,(505) 270-0801,,Assisted living facility
Tender Heart Assisted Living,(505) 884-1341,http://www.apalinc.com/,Assisted living facility
Good Samaritan Society - Manzano del Sol Village,(505) 262-2311,http://www.good-sam.com/locations/manzano-del-sol-village?yxt_info=gss-location-GSS-5630&y_source=1_MTQyNTAyMDAtNzE1LWxvY2F0aW9uLndlYnNpdGU%3D,Retirement community
Morada Albuquerque,(505) 242-3370,https://www.moradaseniorliving.com/morada-albuquerque-nm/,Assisted living facility
Life Spire Assisted Living Albuquerque,(505) 831-6250,http://www.lifespireassistedliving.com/,Assisted living facility
MorningStar Assisted Living & Memory Care of Albuquerque,(505) 557-2408,http://www.morningstarseniorliving.com/communities/morningstar-of-albq/,Assisted living facility
Bear Canyon Rehabilitation Center,(505) 292-3333,http://www.genesishcc.com/bearcanyon,Nursing home
The Village at Alameda,(505) 857-7000,https://colonialoaks.com/locations/village-at-alameda,Assisted living facility
Haven Care Assisted Living-Evergreen House,(505) 275-2275,http://www.havencarenm.com/,Assisted living facility
Sandia Ridge Center,(505) 296-4808,http://www.genesishcc.com/sandiaridge,Nursing home
Canyon Transitional Rehabilitation Center,(505) 298-1231,http://www.genesishcc.com/canyon,Nursing home
BeeHive Homes of Albuquerque NM - Assisted Living Facility,(505) 591-7024,https://beehivehomes.com/locations/albuquerque/,Assisted living facility
Spanish Trails Rehabilitation Suites,(505) 600-4800,http://www.spanishtrailsrehabilitation.com/?utm_source=GMB&utm_medium=Yext&y_source=1_NDc5MzU0ODQtNzE1LWxvY2F0aW9uLndlYnNpdGU%3D,Nursing home
Genesis Healthcare Uptown,(505) 296-5565,http://www.genesishcc.com/uptown,Nursing home
Assisted Living | Mountain View Manor Albuquerque New Mexico,(505) 897-7789,https://www.mountainviewmanorassistedliving.com/about-us,Assisted living facility
Brookdale Valencia,(505) 260-8100,https://www.brookdale.com/en/communities/brookdale-valencia.html?cid=yext,Assisted living facility
Princeton Place,(505) 255-1717,,Nursing home
Sandia View Assisted Living,(505) 605-7030,http://www.sandiaviewassistedliving.org/,Assisted living facility
Bee Hive Homes of Volcano Cliffs,(505) 710-1223,https://beehivehomes.com/,Assisted living facility
Westwind House Assisted Living,(505) 831-0002,http://www.westwindhouse.com/,Assisted living facility
Uptown Rehabilitation Center,(505) 296-5565,http://www.genesishcc.com/uptown,Nursing home
West Ridge Village,(505) 884-3830,,Assisted living facility
Palmilla Senior Living,(505) 867-5022,https://spectrumretirement.com/palmilla-senior-living-nm-Albuquerque/?utm_source=google&utm_medium=organic&utm_campaign=local-listings&utm_content=Palmilla,Retirement home
Little Rose's Home Care of the SW,(505) 836-4623,http://www.littleroseshome.org/,Assisted living facility
Haven Care,(505) 275-2275,https://www.havencarenm.com/,Assisted living facility
Las Palomas Center,(505) 821-4200,http://www.genesishcc.com/LasPalomas,Nursing home
BeeHive Homes of Taylor Ranch,(505) 710-1223,https://beehivehomes.com/locations/taylor-ranch/,Assisted living facility
Silver Wings Assisted Living,(505) 922-8993,http://www.silverwingsassistedliving.com/,Assisted living facility
Odelia Healthcare,(505) 243-2257,http://odeliahealthcare.com/,Nursing home
Fiesta Park Wellness and Rehabilitation,(505) 998-1551,http://fiestaparkrehab.com/,Nursing home
Fountain Hill Assisted Living,(505) 582-2906,https://svfountainhill.com/,Assisted living facility
The Rehabilitation Center of Albuquerque,(505) 822-6000,http://www.genesishcc.com/rehabcenteralbuquerque,Nursing home
Albuquerque Heights Healthcare and Rehabilitation Center,(505) 348-8300,http://www.genesishcc.com/albuquerqueheights,Nursing home
Advanced Health Care of Albuquerque,(505) 967-4200,http://www.ahcfacilities.com/,Nursing home
BeeHive Homes of Albuquerque West,(505) 234-1200,https://beehivehomes.com/locations/albuquerque-west/,Assisted living facility
Cuesta Manor,(505) 899-0829,,Assisted living facility
Skies Healthcare and Rehabilitation Center,(505) 898-7986,http://www.genesishcc.com/skies,Nursing home
Ladera Center,(505) 836-0023,http://www.genesishcc.com/Ladera,Nursing home
Ravenna Assisted Living,(505) 831-4141,http://www.ravennanm.com/,Assisted living facility
Casa Angelina assisted living,(505) 720-4966,,Assisted living facility
Celia Jones,(505) 727-3170,https://lovelace.com/doctors/celia-jones-fnp-c,Assisted living facility
Assisted Living,,,Senior citizen center
Think Back Physical Therapy,(505) 883-7518,https://www.thinkbackpt.com/,Pain control clinic
Life Spire Assisted Living,(505) 295-3008,http://www.lifespireassistedliving.com/,Assisted living facility
Outreach Care Home,(252) 227-9146,,Assisted living facility
Highpointe Solutions,(505) 291-8000,,Assisted living facility
Elite Senior Care LLC,(505) 379-2369,https://eliteseniorcarellc.com/,Assisted living facility
Quilted Care,(505) 797-8735,http://www.quiltedcare.com/,Business management consultant
NestBeyond of Albuquerque - Academy,(505) 421-6516,https://nestbeyond.com/locations/new-mexico/albuquerque/nestbeyond/,Assisted living facility
Stellar Senior Housing Experts,(505) 504-8884,https://stellarseniorhousingexperts.com/,Assisted living facility
Life Arena Coaching,(505) 459-3597,,Retirement home
"Casa Mis Abuelos, Llc",,,Assisted living facility
Caregivers of Albuquerque,(505) 221-6562,,Hospice
Presbyterian Healthcare at Home in Albuquerque,(505) 588-5708,https://www.phs.org/doctors-services/services-centers/healthcare-at-home/Pages/constitution.aspx?utm_source=gmb&utm_medium=organic&utm_campaign=listing&utm_content=_loc_abq_constitution_healthathome,Home health care service
Holiday Bear Canyon Estates,(505) 300-2608,https://holidayseniorliving.com/retirement-communities/holiday-bear-canyon-estates-albuquerque-nm/?y_source=1_MjA2NDY2OS03MTUtbG9jYXRpb24ud2Vic2l0ZQ%3D%3D,Retirement community
"Golden Years, LLC",,,Assisted living facility
NestBeyond of Central Albuquerque,(505) 560-9422,,Assisted living facility
Enchanted Living of New Mexico,(505) 867-6164,http://www.enchantedlivingnm.com/,Assisted living facility
Home Care Assistance of Albuquerque,(505) 798-0800,https://www.homecareassistanceofalbuquerque.com/,Home health care service
New Mexico Health Care Association,(505) 880-1088,http://www.nmhca.org/,Non-profit organization
Nmrea AFC 1 LLC,(505) 880-7040,,Assisted living facility
Elite Senior Care LLC,(505) 298-1341,,Assisted living facility
Care Givers of Alb,(505) 881-3764,,Assisted living facility
Assisted Living Services Org,(505) 296-7559,,Assisted living facility
Senior Care LLC,(505) 361-1338,,Assisted living facility
La Cueva Senior Living,(505) 796-2285,http://lacuevaseniorliving.com/,Assisted living facility
Wilson Family Care,(505) 343-0743,,Nursing agency
Las Colinas,(505) 349-4926,,Retirement home
Senior Care Arvilla,(505) 294-6858,,Retirement home
Hofmantown Alzheimer's Care,(505) 271-5000,,Assisted living facility
Casa De Palomas-Assisted Living,(505) 255-9081,,Senior citizen center
Emmaus Community/Emmaus House,(505) 234-1224,,Hospice
Muros De Salvacion,,,Assisted living facility
Casa de Palomas,(505) 255-9081,,Assisted living facility
Buena Vista Senior Care,(505) 797-4875,http://buenavistaseniorcare.com/,Senior citizen center
Starlight House,(505) 270-0941,http://starlighthouseongalaxia.com/,Assisted living facility
Sandia Vista Senior Living,(505) 291-0600,https://www.stellarliving.com/communities/sandia-vista-senior-living/,Retirement community
Camino Retirement Apartments,(505) 298-9976,http://www.caminoretirement.com/,Assisted living facility
Georgia House Group Home For People With Mental Disabilities,(505) 268-3751,,Assisted living facility
Case San Pablo Services Transfer,(505) 508-1392,,Assisted living facility
Patriot Assisted Care,,,Assisted living facility
Marler Manor,(505) 837-2273,https://marlermanor.co/,Assisted living facility
Paloma Landing Gracious Retirement Living,(505) 243-1979,https://seniorlivinginstyle.com/paloma-landing/,Retirement community
A New Day,,,Assisted living facility
FootPrints Home Care,(505) 828-3918,http://www.footprintshomecare.com/,Home health care service
Assisted Living Services,(505) 362-8977,,Assisted living facility
Albuquerque ER & Hospital,(505) 431-1900,https://abqhospital.com/?utm_source=google&utm_medium=search&utm_campaign=business,Emergency room
Longterm Care Ombudsman,(866) 451-2901,https://nmaging.state.nm.us/protecting-adults/ombudsman/long-term-care-ombudsman,Health
Alma Home Healthcare Services,(505) 261-2868,,Home health care service
Shadow Mountain Recovery Intensive Outpatient Center,(505) 207-9929,https://www.shadowmountainrecovery.com/albuquerque/?utm_campaign=gmb,Addiction treatment center
Kindred Hospital Albuquerque,(505) 242-4444,https://www.kindredhealthcare.com/locations/transitional-care-hospitals/kindred-hospital-albuquerque,Hospital
Senior.One,(888) 888-2191,http://www.senior.one/,Information services
InnovAge New Mexico PACE - Albuquerque,(505) 916-1932,https://www.innovage.com/locations/nm-albuquerque?utm_source=google%20my%20business&utm_medium=organic&utm_campaign=abqnm,Adult day care center
Always Best Care Albuquerque,(505) 898-6262,https://www.alwaysbestcare.com/nm/albuquerque/,Senior citizen center
Lovelace UNM Rehabilitation Hospital,(505) 727-4725,https://lovelace.com/location/lovelace-rehabilitation-hospital,Rehabilitation center
Turquoise Lodge Hospital,(505) 841-8978,http://nmhealth.org/about/ofm/ltcf/tlh/,Hospital
AMG Specialty Hospital - Albuquerque,(505) 842-5550,https://amgihm.com/albuquerque,Hospital
At Home Healthcare,(505) 880-0400,https://lhcgroup.com/locations/at-home-healthcare-albuquerque/,Home health care service
Hospice De La Luz,(505) 217-2490,http://hospicedelaluz.com/,Hospice
Robert Wertheim Hospice House,,https://www.phs.org/about-us/news/Pages/hospice-house-now-open-to-serve-patients-and-families.aspx,Hospice
Odyssey Health Care,(505) 884-8857,,Hospice
"Dr Nancy Guinn, MD | Internal Medicine | Presbyterian Primary Care",(505) 559-6058,https://www.phs.org/doctors-services/services-centers/primary-care/internal-medicine/Pages/default.aspx?utm_source=gmb&utm_medium=organic&utm_campaign=listing&utm_content=prov_pcpintmed_guinn_1740299379,Hospice
Compassus Home Health,(505) 391-5815,https://compassus.com/home-health-albuquerque/?utm_source=google?utm_medium=gbp,Home health care service
Inteli-Care LLC,(505) 898-9745,http://www.inteli-care.com/,Home health care service
Alliance Home Healthcare & Hospice Llc.,,,Medical Center
Q Hospice,(505) 636-0888,https://qhospice.com/,Hospice
Ardent Home Health of New Mexico,(505) 717-1324,http://www.ardenthhnm.com/,Home health care service
Zia Home Care,,,Home health care service
Visiting Angels,(505) 821-7500,https://www.visitingangels.com/albuquerque/home/?utm_source=gmb&utm_medium=organic&utm_campaign=local,Home health care service
Presbyterian Kaseman Hospital,(505) 291-2000,https://kaseman-hospital.phs.org/Pages/default.aspx?utm_source=gmb&utm_medium=organic&utm_campaign=listing&utm_content=_loc_abq_pkh_hospital__l001,Hospital
Aid Home Health Care Services LLC,(505) 883-0900,,Home health care service
Klarus Home Care,(505) 717-1624,http://www.klarushomecare.com/,Home health care service
St. Anthony's Home Health Care,(505) 888-9618,,Home health care service
Home Instead,(505) 884-0353,https://www.homeinstead.com/location/144?utm_source=google&utm_medium=organic&utm_campaign=gmb,Home health care service
Night N Gail Home Care Services,(505) 974-1988,,Home health care service
Amada Senior Care,(505) 521-2100,,Home health care service
Visiting Angels,(505) 821-7500,http://www.visitingangels.com/albuquerque/home/?utm_source=gmb&utm_medium=organic&utm_campaign=local,Home health care service
Enhabit Home Health,(505) 563-4005,https://www.ehab.com/?utm_source=gmb&utm_medium=yext,Home health care service
Crosby Hall LLC,(505) 507-8782,http://www.crosbyhallinc.com/,Hospice
"Presbyterian: Dr Gurpreet Aujla, MD",(505) 559-1122,https://www.phs.org/doctors-services/services-centers/healthcare-at-home/Pages/default.aspx?utm_source=gmb&utm_medium=organic&utm_campaign=listing&utm_content=prov_hah_aujla_1609309681,Hospice
For Your Care In-Home Care,(505) 798-0978,https://foryourcare.com/,Home health care service
Interim HealthCare of Albuquerque NM,(505) 910-4725,https://www.interimhealthcare.com/AlbuquerqueNM?utm_source=GMB&amp;utm_medium=Local&amp;utm_content=DirectoryLink&amp;utm_campaign=AlbuquerqueNM,Home health care service
St Joseph Home Health,(505) 727-4663,,Home health care service
New Mexico Association For Home and Hospice Care,(505) 565-5777,http://www.nmahc.org/,Non-profit organization
Retreat At Home,(505) 938-4652,http://retreathomecare.com/,Home health care service
Hospice San Dias Albuquerque,(505) 881-1403,,Hospice
Armada Home Health Care,(505) 821-1200,http://armadanm.com/,Home health care service
Mariposa Program,(505) 272-6700,,Hospice
State Serve Medical,(877) 633-7250,http://www.stateserv.com/,Hospice
BAYADA Assistive Care,(505) 883-4800,,Home health care service
Ambercare,(505) 792-8230,https://ambercare.com/?y_source=1_MTI1NTkwNjQtNzE1LWxvY2F0aW9uLndlYnNpdGU%3D,Home health care service
Nevaeh Hospice,(505) 293-5858,http://nevaehhospice.com/,Hospice
Zia Hospice,(505) 830-2978,,Hospice
Advanced Home Health and Hospice,(505) 967-4274,https://www.ahcfacilities.com/rehabilitation-facilities/albuquerque/,Home health care service
Hospice of the Sandias LLC,(505) 881-5342,,Hospice
Harmony Home Health & Hospice,(505) 828-2273,https://www.harmonyhomehealth.com/?utm_source=GMBlisting&utm_medium=organic,Home health care service
Luna Del Valle Hospice,(505) 365-0321,https://ldvhospice.com/,Hospice
Armada Hospice,(505) 821-1200,https://www.armadahospice.com/,Hospice
Gentiva Hospice,(505) 821-5404,https://www.gentivahs.com/,Hospice
ProMedica Hospice Serving Albuquerque and Surrounding Areas,(505) 323-1464,https://www.promedicahospice.org/Albuquerque,Hospice
"Corus Health - Home Health, Hospice, Palliative Care & Personal Care",(505) 828-0232,http://www.corushealth.com/,Home health care service
High Desert Hospice,(505) 585-2603,https://highdeserthospice.care/,Hospice
Hospice of New Mexico,(505) 872-2300,http://www.hospiceofnewmexico.com/,Hospice
Compassus,(505) 391-5643,https://www.compassus.com/locations/new-mexico/albuquerque/?utm_source=google?utm_medium=gbp,Hospice
hope for Gardner home care and hospice,(505) 414-8570,,Home health care service
Luna Vista Home Health and Hospice,(505) 560-1128,http://lunavistahhc.com/,Home health care service
Alliance Home Health Care,(505) 884-4080,https://www.alliancehhcare.com/,Home health care service
Encompass Health Rehabilitation Hospital of Albuquerque,(505) 344-9478,https://encompasshealth.com/albuquerquerehab,Rehabilitation center
CenterWell Home Health,(505) 345-3754,https://www.centerwellhomehealth.com/,Home health care service
Children's Home Healthcare Albuquerque,(505) 881-0054,http://www.childrenshha.com/,Home health care service
Armada Healthcare,(505) 821-1200,,Home health care service
"Thrive Skilled Pediatric Care - Albuquerque, NM",(505) 883-4100,https://www.thrivespc.com/locations/albuquerque-nm/,Home health care service
Wellness Health Services,(505) 373-2636,https://www.wellnesshealthservices.org/,Home health care service
Fiesta Park Healthcare Llc,,,
Adelante Compadres Senior Center,(505) 883-0215,https://www.goadelante.org/Senior_Services.html,Senior citizen center
Industrial Rehabilitation,(505) 797-0242,,Rehabilitation center
United One Home Care Albuquerque NM,(505) 295-2044,https://unitedonehomecare.com/,Home health care service
HomeVault Property Management,(505) 265-1241,https://homevault.com/,Property management company
2 Brothers Landscaping,(505) 261-2681,https://2brotherslandscapingnm.com/,Landscaper
HomeTeam Pest Defense,(505) 265-1113,https://pestdefense.com/albuquerque/?utm_source=google&utm_medium=googlelisting&utm_campaign=location,Pest control service
EverGuard Roofing,(505) 821-9543,https://everguardroofing.com/,Roofing contractor
DNA Roofing & Construction,(505) 610-3989,https://dna-roofing-and-construction.business.site/?utm_source=gmb&utm_medium=referral,Roofing contractor
"A Honorable Roofing Co, Llc",(505) 864-6790,http://ahonorableroofing.com/,Roofing contractor
Mold Solutions of Albuquerque,(505) 657-3719,http://www.moldremovalalbuquerque.co/,Water damage restoration service
"WaterQuest, Inc.",(505) 792-3600,http://www.waterquest.com/,Landscaper
Albuquerque Over the Top Garage Doors & Repair Service,(505) 450-9456,https://albuquerqueoverheadgaragedoors.com/,Garage door supplier
ABQ Star Roofing,(505) 712-1773,http://www.abqstarroofing.com/,Roofing contractor
Rio Grande Homes powered by eXp Realty,(505) 688-0700,https://riograndehomes.net/,Real estate agency
SERVPRO of Northwest Albuquerque,(505) 503-8627,https://www.servpronorthwestalbuquerque.com/?utm_medium=yext&utm_source=gmb&y_source=1_MTYxOTU1MTAtNzE1LWxvY2F0aW9uLndlYnNpdGU%3D,Water damage restoration service
Steamatic of Albuquerque and Santa Fe,(505) 883-7766,https://www.steamaticnm.com/,Water damage restoration service
"Number One Plumbing, A/C, Solar & Electric",(505) 999-9567,http://number1plumber.com/,Plumber
Dreamstyle Remodeling,,https://www.dreamstyleremodeling.com/,Window installation service
"Signature Heating, Cooling & Plumbing",(505) 898-4822,http://www.airemechanical.com/,Air conditioning contractor
Hollywood Roofing,(505) 821-9391,http://hollywoodroofingnm.com/,Roofing contractor
Paramount Roofing,(505) 615-0646,http://paramountroofingnm.com/,Roofing contractor
"Green Mountain Contractors, Inc.",(505) 205-9328,http://greenmountaincontractors.com/,Roofing contractor
Custom Construction Solutions LLC,(505) 302-2832,https://customnm.com/,Roofing contractor
La Barge Landscaping,(505) 345-3000,https://www.labargelandscape.net/,Landscaper
"LOE Property Management, LLC",(505) 433-3752,http://www.loepropertymanagement.com/,Property management company
4Front Roofing,(505) 295-0367,https://4frontroofing.com/,Roofing contractor
"Gonzales and Sons Roofing, Inc.",(505) 818-0151,https://gonzalesandsonsroofinginc.com/,Roofing contractor
HOAMCO - Home Owners Association Mangement Company,(505) 888-4479,http://www.hoamco.com/,Homeowners' association
Deacon Property Services,(505) 878-0100,http://deaconpropertyservices.com/,Property management company
Elevated Management Group,(505) 257-6090,https://www.elevatedrentalsnm.com/?utm_source=google&utm_medium=google%20my%20business&utm_campaign=gmb,Property management company
Rent Builder Property Management,(505) 892-4400,http://rentbuilderpropertymanagement.com/,Property management company
Arca,,https://www.arcaopeningdoors.org/nmbircevent/paint-class/,Employment agency
Maddox Management LLC,(505) 242-0989,http://www.maddoxmgmt.com/,Property management company
ABQ Property Management,(505) 226-0928,https://propertymanageralbuquerquenm.com/,Property management company
Westway Homes,(505) 212-7000,https://thewestway.com/,Home builder
Home Care and Home Health Albuquerque LLC,(502) 547-0700,http://homecareandhomehealth.com/,Home health care service
The Cleaning Authority - Albuquerque,(505) 273-2875,http://www.thecleaningauthority.com/albuquerque/?utm_source=GMB&utm_medium=organic&utm_campaign=albuquerque,House cleaning service
Abrazo Homes Main Office,(505) 388-0265,http://www.abrazohomes.com/,Home builder
Householder Group-Nighbert,(505) 268-2052,,Retirement home
David Specter Shalom House,(505) 823-1433,,Non-profit organization
Above & Beyond Inc.,(505) 268-5304,,Group home
"Rockefeller's Cleaning & Restoration Company | Rockefeller's Construction, Inc.",(505) 268-5585,http://www.rockefellerscleaning.com/,Fire damage restoration service
D'Aaron's HouseKeeping Co | House Cleaning,(505) 514-8826,http://daaronshousekeeping.com/,Janitorial service
SeniorCare LLC,(505) 361-1338,,Home health care service
Hakes Brothers at Durango at The Trails,(505) 439-9700,https://www.hakesbrothers.com/albuquerque/durango,Home builder
"Adove Cleaning Services, LLC",(505) 391-4477,https://adovecleaningservices.com/,House cleaning service
Molly Maid of Greater Albuquerque,(505) 407-0704,https://www.mollymaid.com/greater-albuquerque/?cid=LSTL_MLY000192&utm_source=gmb&utm_campaign=local&utm_medium=organic,House cleaning service
Green Sweep,(505) 414-7887,https://greensweepnm.com/?utm_campaign=gmb,House cleaning service
"Apple Valley Home Care, LLC.",(505) 850-6870,http://www.applevalleyhomecare.com/,Home health care service
"Adobe Village Construction & Remodel, LLC",(505) 795-1737,http://adobevillageconstruction.com/,Construction company
Quality Home Care,(505) 830-6939,,Home health care service
1st Premier Home Care,(505) 271-2120,http://www.1stpremierhc.com/,Home health care service
Davis Personal Care Services,(505) 256-9587,,Home health care service
NEXTDOOR HOMECARE LLC,(505) 226-6946,https://nextdoorhomecare.com/,Home health care service
Above All Personal Care Services Inc.,(505) 298-3115,,Home health care service
Albuquerque Home Care Services,(505) 702-8304,http://www.albuquerquehomecareservices.com/index.php,Home health care service
A Place At Home - Albuquerque,(505) 316-5440,http://www.seniorcare-nm.com/,Home health care service
Bright Horizons Residential Services,(505) 765-1700,,Home health care service
Alianza Family Services,(505) 890-8244,https://www.alianzafamilyservices.com/,Disability services and support organization
Sandia Green Clean,(505) 404-3071,http://sandiagreenclean.com/,House cleaning service
Connected Construction LLC,(505) 270-9435,https://connectedconstructionnm.com/,Custom home builder
Poulin Solar Pro,(505) 985-5285,https://poulinsolarpro.com/,Solar energy company
"SLA Development, LLC",(505) 688-3050,http://www.sladevelopment.com/,General contractor
Western Building Supply Co Inc,(505) 823-2500,http://www.westernbuildingsupply.com/,Building materials supplier
Duke City Inspections,(505) 587-3535,http://www.dukecityinspections.com/,Commercial real estate inspector
"Trung Duc Doan, Realtor, with Equity New Mexico",(505) 239-6927,http://www.newmexicotopagents.com/,Real estate agent
Southwest Maintenance & Janitorial,(505) 967-9991,http://www.swrepairs.com/,Handyman/Handywoman/Handyperson
ASAP Sands Outdoor Services,(505) 293-4014,http://sandsoutdoorservices.com/,Landscaper
ServiceMaster Albuquerque Fire & Water Restoration By Rapid Response,(505) 588-2102,https://www.albuquerqueservicemaster.com/,Building restoration service
"Magni Landscape Contractors, LLC",(505) 243-9921,https://magnilandscapes.com/,Landscaper
SERVPRO of NE Albuquerque,(505) 828-3567,https://www.servpronealbuquerque.com/?utm_medium=yext&utm_source=gmb&y_source=1_MTYxOTUyNjMtNzE1LWxvY2F0aW9uLndlYnNpdGU%3D,Water damage restoration service
"TBC General Contracting, LLC",(505) 444-7663,https://tbcroofing.business.site/?utm_source=gmb&utm_medium=referral,Roofing contractor
STOP Restoration,(505) 207-5185,https://www.stoprestoration.com/albuquerque/?utm_campaign=gmb,Water damage restoration service
Elevation Roofing,(505) 980-9706,https://www.elevationroofingnm.com/,Roofing contractor
COIT Cleaning and Restoration,(505) 358-7150,https://www.coit.com/albuquerque/?utm_campaign=gmb,Carpet cleaning service
National Roofing Company Inc.,(505) 883-3000,http://www.nationalroofing.com/,Roofing contractor
Poulin Design Center,(505) 322-2222,https://www.poulindesigncenter.com/,Remodeler
Zia Clean - Albuquerque Professional Residential and Commercial Cleaning Service,(505) 892-5486,,Cleaning service
AAA Restoration & Construction Services,(505) 490-0493,https://www.aaarestorationnm.com/,Building restoration service
AQM Property Management,(505) 306-9118,http://www.aqmabq.com/,Property management company
John Mark Custom Homes,(505) 480-4537,http://johnmarkcustomhomes.com/,Custom home builder
Stillbrooke Homes,(505) 858-1800,http://www.stillbrooke.com/,Home builder
"Home Modification Solutions, LLC",(505) 341-9060,http://www.homemodsw.com/,Construction company
RoofCARE,(505) 246-6960,https://www.roofcare.us/,Roofing contractor
HeartWell Services LLC,(505) 582-2729,http://www.heartwellservices.com/,Disability services and support organization
El Mirador Home Care,(505) 271-2280,https://www.elmiradorinc.com/,Home health care service
HomeRiver Group Albuquerque Property Management,(505) 604-8291,http://www.rent505.com/,Property management company
The Maids,(505) 296-3714,https://www.maids.com/38/?utm_source=GMB_listing&utm_medium=organic,House cleaning service
Mrs. Clean LLC,(505) 266-5318,https://mrscleanco.com/,House cleaning service
Four Seasons Cleaning,(505) 254-2180,http://www.fourseasonscleaning.com/,Cleaning service
Capital Construction & Development,(505) 595-8083,https://www.capitalnm.com/,Roofing contractor
Maid O' Matic,(505) 379-3154,https://www.maid-o-matic.com/?y_source=1_NTM4MjA3OS03MTUtbG9jYXRpb24ud2Vic2l0ZQ%3D%3D,House cleaning service
MaidPro Albuquerque,,,House cleaning service
"Bain Cochran Construction, LLC",(505) 281-4568,http://www.baincochran.com/,Construction company
Extra Hands,(505) 323-0053,,House cleaning service
